1_force,2_displacement
237,86
238,86
238,86
239,86
238,86
237,86
237,86
237,85
235,88
237,87
237,86
237,86
237,86
239,86
237,87
235,86
237,82
242,83
246,88
245,84
243,84
243,89
243,86
247,84
247,87
247,84
247,87
250,86
252,86
249,84
250,86
250,86
253,86
252,82
253,84
255,86
250,82
253,86
256,84
256,88
256,88
253,84
254,86
253,85
253,87
256,86
252,84
253,84
254,85
253,86
252,84
252,85
253,88
253,82
251,84
249,82
250,86
256,84
258,87
255,87
252,82
254,84
257,84
260,87
258,86
259,84
258,83
263,86
262,83
261,82
263,86
267,84
263,83
263,84
263,86
269,86
267,83
267,84
269,86
269,84
270,84
265,86
267,86
269,86
268,84
267,84
269,83
267,86
263,83
265,86
265,84
268,86
266,86
267,88
267,82
267,86
264,84
264,85
263,83
267,85
267,86
265,84
269,84
269,86
267,86
265,82
267,86
267,83
261,82
267,88
265,87
269,84
264,84
267,86
267,86
269,86
269,87
268,86
270,87
269,83
267,87
269,86
268,87
268,86
267,86
269,86
271,86
267,84
270,86
268,86
268,86
270,86
269,82
268,82
269,86
269,86
270,86
267,86
269,86
267,84
270,86
267,83
268,86
269,84
272,84
269,84
267,87
269,83
267,84
269,86
269,86
267,83
269,85
267,85
269,84
269,86
273,86
269,84
269,86
271,87
270,85
271,84
270,82
269,82
271,84
270,87
272,83
272,84
274,86
271,83
270,82
274,87
270,83
274,85
275,86
275,82
278,86
279,82
276,84
276,88
277,85
280,86
278,87
278,89
280,85
277,83
281,86
278,84
281,86
280,82
281,84
283,84
283,89
277,84
283,86
282,86
282,83
281,86
281,85
278,84
281,82
282,86
280,84
279,86
281,84
280,86
280,90
280,84
281,86
283,82
284,87
283,84
281,86
282,82
281,87
281,87
281,84
278,88
281,87
283,82
282,82
283,84
283,84
284,87
283,84
287,86
287,82
287,86
287,84
289,87
285,83
290,82
289,86
290,86
289,87
292,82
289,83
292,84
291,84
291,84
293,83
292,84
292,82
290,81
290,84
289,83
290,83
291,83
289,85
289,84
289,82
291,85
291,85
289,86
291,82
289,83
285,83
289,82
292,86
289,85
285,82
289,84
291,82
292,83
296,86
293,83
292,84
296,84
298,86
299,86
300,86
298,82
296,86
297,83
298,82
300,86
299,84
303,82
298,83
301,88
303,82
302,86
302,82
303,82
300,84
299,82
302,88
303,86
302,86
300,84
302,82
300,86
302,84
300,83
300,83
301,84
305,82
304,82
303,85
297,83
298,86
298,81
298,84
292,84
298,84
300,84
300,82
300,84
305,82
307,83
305,84
308,85
308,82
307,82
310,82
311,82
312,86
310,83
311,82
313,82
312,86
313,82
313,84
313,82
313,85
313,83
313,84
313,82
314,83
313,83
309,87
313,83
311,83
312,87
311,86
313,85
311,84
310,83
311,86
307,83
311,85
309,84
313,86
313,84
314,83
315,81
317,83
314,86
316,83
315,84
318,83
319,85
318,84
320,82
320,82
325,83
321,82
324,83
322,86
324,84
326,80
327,83
326,82
325,82
320,86
318,86
318,83
321,83
320,86
318,82
320,82
322,84
318,86
316,83
319,80
320,84
314,83
320,82
318,84
318,82
323,85
321,86
320,82
318,84
324,82
322,84
325,84
326,84
326,84
326,82
331,82
332,86
331,84
330,86
334,86
329,83
329,84
329,84
331,85
332,81
333,83
332,82
331,84
333,82
335,83
332,84
329,82
331,82
336,82
332,84
333,83
333,82
334,85
332,82
329,84
332,82
333,86
336,84
335,82
332,84
335,84
335,82
333,82
333,84
335,82
335,83
336,82
335,82
338,86
340,82
340,83
341,83
342,82
342,83
341,81
341,83
342,84
344,82
340,83
344,84
342,82
340,81
341,82
342,82
340,84
340,83
342,81
340,83
340,80
341,82
340,82
341,86
338,82
340,84
340,83
342,84
342,81
344,82
340,82
341,86
340,81
340,84
341,82
344,82
346,83
346,80
347,84
348,82
349,82
349,82
347,82
352,86
351,82
355,82
352,81
351,84
350,84
352,81
353,84
351,86
352,86
352,83
349,80
351,83
351,83
352,82
351,83
352,84
353,82
349,82
349,83
348,81
344,83
345,82
356,79
350,80
347,81
344,86
347,82
349,82
347,82
357,82
351,86
351,85
353,85
357,83
355,83
357,83
360,81
359,83
358,81
358,84
357,86
358,82
357,83
357,83
360,82
359,82
362,80
359,82
364,83
362,82
362,81
362,82
362,84
361,83
358,84
358,81
358,84
358,83
359,81
362,81
357,81
360,86
359,82
356,82
362,82
362,82
357,84
355,82
360,81
360,82
363,86
364,83
364,82
364,81
363,84
363,82
363,82
364,83
360,84
360,84
360,81
366,86
366,82
367,82
367,82
368,82
368,82
368,82
366,84
366,84
368,81
368,83
368,82
366,82
367,82
366,82
366,82
369,82
368,82
366,82
366,83
368,84
369,82
368,82
369,84
366,84
364,82
369,81
371,82
371,84
371,81
372,83
371,84
374,81
370,84
372,81
374,83
375,82
375,82
376,82
377,81
380,82
377,81
375,81
374,82
379,84
377,81
377,82
379,82
380,83
377,79
377,79
377,82
375,82
377,82
377,79
379,82
376,82
382,81
379,82
374,82
375,82
377,82
382,82
380,82
378,82
381,82
381,81
378,81
375,82
380,82
380,84
379,81
379,82
380,81
380,81
379,82
379,82
382,82
381,82
380,83
381,80
384,82
384,83
383,83
384,83
384,82
384,82
382,82
386,79
383,82
381,82
382,82
382,81
382,82
382,81
384,82
386,82
380,80
380,83
382,82
385,82
389,83
385,82
388,84
388,80
386,82
384,81
384,82
382,82
388,82
390,82
389,81
387,82
389,82
391,82
389,82
389,82
393,81
391,81
393,82
393,82
391,82
391,82
391,82
395,84
395,82
391,82
393,84
392,84
392,83
391,83
391,84
391,84
390,82
393,81
391,82
393,82
391,81
388,82
386,79
385,80
386,86
384,84
388,81
390,83
391,81
385,82
390,82
394,81
392,82
391,81
395,80
393,80
393,84
396,83
397,81
397,80
393,82
399,82
397,82
399,79
397,82
399,82
400,82
399,83
401,81
402,82
401,83
400,81
401,80
401,80
399,82
399,81
401,81
399,82
402,82
401,83
400,79
399,79
399,81
396,82
393,80
392,81
393,82
401,80
397,83
395,83
395,82
399,82
397,81
400,79
399,82
403,81
401,82
401,82
399,81
399,79
403,79
402,82
403,82
402,80
406,82
404,84
404,83
408,82
406,81
408,82
409,79
408,82
410,79
413,82
412,82
413,82
410,79
410,81
412,84
410,82
410,81
408,82
413,81
412,83
410,81
410,83
410,79
409,82
408,79
403,85
402,83
404,79
404,79
403,81
406,80
406,83
408,82
410,80
410,81
412,81
410,79
409,79
408,82
410,80
413,82
410,82
412,81
412,84
413,83
413,82
411,82
413,82
416,83
413,82
413,82
412,79
413,81
417,82
414,82
415,81
417,81
417,81
416,82
417,81
414,79
417,81
416,79
415,79
417,82
415,80
414,80
418,82
416,80
417,82
419,81
419,79
419,82
418,81
420,82
420,82
424,79
423,81
422,80
424,81
428,81
426,79
428,81
428,82
428,80
428,77
421,80
424,82
426,79
423,82
424,80
428,82
426,77
426,81
427,82
423,82
421,81
422,80
423,82
419,81
418,81
418,81
418,80
417,80
422,80
424,82
419,81
424,79
426,82
426,82
426,81
426,81
424,79
421,79
428,82
425,81
421,78
412,82
413,79
410,79
406,77
413,80
415,81
417,80
424,81
423,79
423,82
423,81
426,79
425,82
425,81
428,82
428,82
428,77
430,82
430,79
433,80
434,81
434,81
433,77
437,81
436,79
435,79
437,80
440,82
437,82
441,82
443,79
443,79
443,79
444,81
446,79
437,81
441,80
443,78
443,79
439,82
439,81
441,81
436,81
435,81
443,82
433,79
432,81
436,80
431,82
433,79
428,78
429,80
428,80
428,81
434,79
432,79
435,79
436,81
438,78
434,80
437,80
443,79
443,80
445,77
443,79
443,80
441,81
443,79
443,79
445,81
444,79
446,81
446,82
444,81
448,81
445,82
446,81
446,82
448,82
448,79
447,81
448,77
448,81
450,81
450,79
455,79
455,79
456,79
454,81
454,80
455,79
454,80
450,80
452,81
452,82
453,77
456,79
453,82
454,80
450,79
455,79
454,81
452,80
452,80
450,79
450,77
450,79
448,80
450,82
448,75
450,80
448,81
450,77
450,81
450,81
454,82
456,80
452,80
447,81
450,81
448,80
452,79
456,82
456,79
457,79
458,79
457,81
459,79
459,81
461,81
459,81
458,79
461,81
462,79
459,78
457,79
461,77
459,78
457,79
461,77
461,80
459,81
461,79
463,79
459,82
461,77
461,80
458,79
459,77
457,79
459,78
457,77
458,81
458,79
456,79
457,79
457,79
457,79
456,79
462,79
458,81
454,79
459,79
463,80
461,79
462,79
465,81
459,80
463,79
465,78
467,78
465,79
466,80
467,82
468,79
470,79
469,79
468,79
469,79
468,81
467,81
467,80
472,81
471,77
468,75
466,80
470,79
469,76
468,77
467,79
471,81
465,81
465,79
467,76
467,79
467,78
470,79
470,77
469,79
470,75
467,80
468,82
465,76
465,79
465,79
465,77
469,75
468,81
473,80
473,79
472,79
474,77
475,79
471,81
476,77
476,79
476,79
478,78
478,81
478,80
474,79
479,79
478,79
476,75
476,80
472,79
472,79
472,79
471,78
472,81
473,80
476,79
470,79
475,79
474,81
476,79
479,79
478,81
468,79
472,79
470,77
467,79
467,80
470,79
472,79
474,79
477,81
478,79
480,77
479,75
480,77
481,78
479,81
486,77
481,77
483,78
484,79
483,76
485,79
485,79
485,79
484,79
487,76
483,79
483,76
483,79
485,79
482,79
482,79
486,79
485,79
481,81
481,79
485,76
481,77
481,79
483,77
479,79
479,79
479,79
478,77
483,79
487,80
486,80
478,77
484,77
484,79
480,77
489,79
484,79
489,80
487,78
489,72
487,77
489,77
489,77
489,78
489,77
490,77
492,79
491,80
494,76
490,79
489,79
490,79
490,79
490,79
492,77
492,81
491,78
490,77
490,77
490,80
489,81
491,79
488,77
487,76
490,79
489,79
491,78
490,76
490,79
490,77
489,79
489,79
489,75
489,77
488,79
495,77
494,79
492,79
490,77
494,80
494,80
494,75
494,77
498,79
496,75
497,78
498,77
498,76
500,77
496,79
499,77
503,75
500,79
500,77
495,75
499,79
500,79
494,79
499,77
498,77
495,75
496,77
499,77
498,79
498,79
496,75
499,77
496,79
500,79
500,76
502,79
498,77
494,79
494,76
495,79
495,76
498,77
501,77
499,77
502,79
502,79
503,77
501,80
501,81
505,77
507,79
505,77
506,79
505,79
506,76
504,77
505,74
507,79
507,79
509,75
503,75
505,79
505,79
506,79
504,77
504,79
505,81
504,76
505,77
503,79
503,77
502,79
501,79
503,77
507,78
505,76
500,75
500,77
503,77
501,77
504,77
505,78
507,75
509,77
509,79
510,76
511,77
507,75
511,76
516,75
511,76
511,79
511,78
511,77
512,76
516,79
514,75
512,74
509,77
511,77
512,77
511,75
512,76
510,75
511,75
512,80
514,76
509,75
511,79
511,79
507,77
507,75
507,79
509,76
511,77
514,75
514,73
512,79
509,77
511,75
511,77
512,76
511,75
517,75
517,76
512,74
514,80
514,79
518,74
518,79
521,79
518,75
520,74
518,77
519,75
518,77
519,74
520,77
519,77
517,77
517,73
514,75
518,72
518,75
518,79
519,77
518,76
516,73
518,79
516,77
518,75
517,78
516,78
514,76
518,75
513,79
512,80
518,79
514,79
518,79
520,76
516,75
518,77
519,79
520,75
518,76
522,79
522,79
523,75
523,79
523,76
526,75
525,76
529,77
523,81
527,77
527,77
527,74
527,74
527,76
528,78
527,78
525,76
523,75
522,75
526,77
523,73
523,76
525,73
523,79
525,79
523,79
525,76
523,77
523,76
522,73
523,77
529,77
520,76
526,79
522,75
524,75
528,75
527,73
527,76
529,73
528,74
530,76
527,73
531,77
534,77
529,78
529,75
531,75
533,74
531,76
531,76
533,74
534,74
533,73
534,72
532,75
533,76
531,77
533,79
533,73
531,76
529,77
531,76
533,77
526,76
532,74
529,77
528,77
532,76
530,75
531,76
533,76
533,75
533,75
527,75
523,76
524,77
529,77
532,76
532,73
533,75
533,75
533,79
533,79
535,75
538,75
540,75
539,76
538,75
538,75
538,77
536,76
540,75
538,75
540,73
539,80
538,76
538,76
538,76
538,75
535,73
538,75
536,75
536,75
544,75
538,75
539,75
537,76
538,77
534,76
533,79
534,72
531,75
537,76
534,77
535,77
539,74
538,75
538,72
541,79
540,76
541,77
541,74
540,74
545,76
542,72
544,75
543,79
545,75
544,78
545,74
547,73
544,72
547,72
546,75
547,77
544,76
544,75
547,75
544,75
545,76
544,73
543,75
544,74
545,74
542,75
544,74
545,75
545,76
545,73
540,73
542,78
540,77
545,77
545,74
546,75
548,75
543,73
547,73
545,73
545,76
545,76
547,78
547,74
547,73
546,75
549,75
551,76
551,75
549,75
550,78
553,75
549,73
549,75
553,75
549,74
549,79
551,76
549,76
555,75
553,77
555,74
549,73
553,77
549,74
549,77
551,75
553,73
547,73
546,76
545,75
544,76
548,75
551,75
551,76
542,75
546,74
551,71
545,78
551,75
555,71
551,74
553,73
553,75
555,73
555,75
560,76
555,73
557,76
559,73
555,76
556,71
558,74
559,73
559,75
555,72
554,75
556,74
556,75
558,75
558,75
555,74
558,69
562,75
560,75
555,75
557,76
556,75
555,76
554,71
558,76
558,74
555,76
555,77
555,74
552,74
553,75
555,75
555,75
556,73
553,75
551,74
547,71
551,75
553,74
555,76
556,73
560,75
560,71
560,71
562,76
562,73
563,75
564,74
562,72
564,75
565,75
565,73
558,73
565,72
561,74
563,71
560,75
562,71
562,73
565,75
564,75
560,76
564,75
562,76
562,75
561,75
560,73
563,73
562,74
562,73
560,77
560,73
558,71
560,75
566,75
564,75
554,76
555,75
561,73
549,75
562,75
566,75
565,73
564,75
567,72
565,73
564,75
566,71
566,73
568,74
569,75
571,71
569,73
567,71
568,71
569,71
569,71
572,71
571,72
570,75
569,71
568,72
569,73
569,75
569,75
570,75
569,79
571,74
568,73
567,71
570,73
568,72
567,74
566,73
569,75
566,74
569,76
567,71
571,75
571,75
573,75
571,75
565,75
570,75
567,71
562,73
569,77
566,73
569,75
573,73
576,72
573,75
575,72
573,72
577,73
577,72
578,75
576,74
577,73
577,73
577,73
578,73
573,75
576,75
577,73
577,72
578,72
574,71
575,73
576,73
575,73
577,74
578,71
575,73
577,71
575,72
577,75
576,73
569,73
577,72
577,75
577,72
573,71
569,75
574,74
568,72
573,73
577,71
577,72
577,73
578,76
577,71
575,72
582,71
578,71
579,72
580,74
582,73
579,73
580,75
581,71
582,75
582,74
582,72
578,75
576,73
579,73
581,73
581,73
582,71
580,72
578,72
582,75
577,71
577,73
582,73
580,74
581,70
580,73
578,75
578,73
582,74
584,73
582,72
582,75
580,72
583,75
579,72
582,71
583,71
580,71
582,70
583,76
578,71
582,71
584,72
586,71
586,73
588,75
588,71
584,71
586,74
584,71
586,72
584,74
588,71
587,73
580,73
581,72
587,74
582,75
583,73
586,74
579,75
584,71
586,75
587,72
584,72
582,73
584,71
579,75
578,73
589,73
587,73
586,69
584,72
582,73
587,73
582,73
586,73
588,72
586,70
587,72
588,73
589,72
592,71
593,75
595,74
593,73
593,73
592,70
593,70
591,72
593,71
593,71
593,71
591,73
587,72
588,71
589,73
588,71
590,75
590,71
588,71
589,71
590,70
593,71
589,73
590,71
591,72
586,71
589,71
587,73
587,72
588,72
591,71
593,71
593,73
593,71
592,71
595,71
597,71
595,71
597,71
596,71
599,71
598,71
597,73
598,71
597,71
598,71
597,72
597,75
597,71
595,74
591,71
597,71
598,72
597,71
597,70
593,72
597,71
595,73
594,72
600,72
595,69
597,71
597,72
595,71
597,71
590,72
595,71
595,71
587,75
593,74
590,71
593,71
598,71
597,74
600,71
597,70
599,72
599,72
597,71
602,72
601,72
600,71
602,73
601,73
601,73
602,71
605,73
603,71
597,71
597,71
597,72
591,72
594,73
597,71
591,71
595,69
597,76
597,71
593,71
596,72
596,69
595,72
593,71
601,71
602,70
602,73
595,71
599,71
597,71
591,73
597,71
597,72
600,70
602,70
602,70
604,71
604,71
605,71
602,72
601,68
606,72
604,71
604,73
606,69
606,72
604,71
606,71
609,71
608,71
607,71
608,71
605,69
608,71
609,71
604,71
600,71
601,71
606,72
600,74
598,69
606,68
601,73
599,72
602,71
600,71
599,71
602,71
608,71
606,71
606,71
610,71
606,71
604,73
607,73
608,72
608,70
612,73
610,72
612,70
611,73
612,71
610,71
615,69
612,70
612,71
613,70
611,71
615,71
611,71
611,73
615,71
610,71
608,73
608,71
610,71
608,71
606,73
611,71
609,72
604,71
611,69
610,71
608,71
612,69
608,71
608,71
606,70
618,71
615,71
600,70
606,71
610,73
602,71
606,71
612,72
612,71
610,70
617,73
614,71
615,72
616,71
620,71
617,71
619,72
618,71
617,72
619,72
622,70
612,71
617,71
616,71
615,70
611,69
615,71
615,71
613,73
615,68
615,71
612,72
613,72
611,72
611,68
611,73
615,70
613,70
611,71
619,70
619,68
616,69
620,68
619,71
615,73
615,70
615,71
620,68
618,70
617,72
621,70
621,70
620,71
622,70
622,69
623,71
622,69
622,71
622,71
624,71
623,72
621,68
627,68
621,73
619,71
624,74
621,71
622,68
622,70
623,70
624,72
624,72
624,71
623,70
625,70
621,71
622,71
622,71
622,71
622,71
621,71
619,71
621,71
620,69
616,71
622,70
622,71
619,70
619,69
619,71
622,73
624,71
626,69
626,71
625,71
630,73
630,72
631,71
625,71
628,71
628,70
630,71
628,68
628,71
628,71
630,72
631,70
628,71
630,71
627,70
624,69
626,72
630,68
628,71
626,71
630,72
630,71
624,70
626,68
627,71
628,69
628,71
628,71
630,71
629,73
627,70
624,69
628,68
624,71
626,71
628,72
630,71
632,71
632,71
631,68
630,68
632,71
633,71
630,68
633,71
630,71
637,71
630,68
633,71
637,69
637,70
634,69
635,71
636,71
636,71
634,70
636,68
634,71
635,69
633,70
635,68
634,70
635,67
635,73
636,69
635,71
633,69
635,68
633,71
634,71
633,72
641,68
633,69
638,70
637,71
635,68
638,68
635,70
637,71
637,68
635,70
635,71
641,70
641,71
644,68
641,71
640,70
643,68
643,68
637,71
643,70
643,70
637,70
643,70
644,69
641,69
641,71
642,69
639,68
642,68
639,70
638,70
639,69
642,66
638,70
641,68
640,69
633,69
637,71
638,71
639,71
637,70
637,71
641,69
644,70
636,68
638,71
634,70
635,71
637,68
638,69
642,73
644,71
645,69
647,68
646,68
646,71
642,70
646,71
646,71
644,72
647,70
644,68
645,69
645,71
643,73
643,69
643,70
644,71
641,68
647,70
648,69
643,68
644,70
647,70
647,71
646,70
644,70
646,68
644,70
644,71
645,68
644,70
644,69
648,68
649,70
648,71
643,71
636,70
637,68
639,68
641,70
640,71
648,67
647,69
648,71
652,69
652,71
652,71
650,74
650,68
650,69
655,67
654,67
651,70
652,67
652,70
652,68
650,70
652,68
652,71
653,66
650,68
655,69
654,68
655,70
652,69
652,68
652,70
648,68
650,68
650,68
650,71
650,68
655,69
649,68
648,68
654,71
650,71
649,70
648,69
651,69
648,68
650,69
655,65
654,70
652,68
655,66
652,71
652,69
654,70
653,68
655,68
655,67
657,69
657,68
655,70
661,68
657,66
657,68
660,67
656,70
657,68
663,70
657,68
657,68
659,70
658,66
654,69
659,68
657,66
657,71
659,68
654,68
657,71
653,70
656,68
659,71
656,68
657,66
656,69
655,68
655,68
657,69
654,70
654,69
653,68
662,69
662,68
659,70
659,69
657,68
659,69
655,70
661,71
660,68
659,68
661,69
661,69
663,70
664,69
664,69
663,66
662,69
663,68
664,67
663,68
663,70
663,70
663,66
663,68
661,69
663,70
665,68
666,68
664,70
659,68
661,67
661,68
659,66
663,69
664,71
660,68
659,68
660,70
659,68
659,70
660,69
661,71
665,68
663,68
665,69
665,69
664,70
661,71
659,70
664,66
660,69
663,70
663,68
665,66
665,68
663,70
666,69
663,70
665,66
665,68
667,66
665,67
666,66
666,70
666,69
668,68
670,66
671,70
671,68
669,71
674,70
670,69
672,70
670,71
668,68
670,67
667,68
669,67
671,66
667,66
668,66
671,68
667,66
670,69
671,66
670,68
665,71
667,69
665,70
664,68
663,66
667,69
674,68
669,68
669,67
667,68
666,68
664,69
668,68
668,68
672,69
671,68
675,66
672,64
676,70
674,68
677,66
674,70
677,68
675,68
674,68
677,68
675,69
676,66
678,68
677,68
676,70
675,66
672,68
673,68
674,68
674,71
674,66
674,66
672,66
674,69
675,68
676,69
672,68
672,67
673,70
669,71
672,69
674,66
674,70
677,68
677,68
679,68
678,68
678,69
678,69
677,64
676,66
676,71
681,66
681,69
679,70
681,66
682,70
682,68
685,68
683,67
685,69
685,70
685,67
685,69
681,68
683,69
681,68
676,68
679,69
679,71
678,65
679,68
681,68
681,68
679,65
683,64
681,68
679,68
681,67
681,66
678,68
679,70
676,68
677,64
676,68
678,66
685,65
685,68
685,68
683,66
681,68
685,64
685,67
685,68
687,68
683,67
687,69
688,66
687,68
687,70
688,66
687,66
688,68
688,70
687,64
687,66
690,66
688,66
687,68
688,66
687,66
687,68
683,68
688,67
685,68
683,68
684,68
687,69
688,66
687,66
687,68
687,70
685,70
687,68
687,68
684,66
685,68
685,68
688,70
688,67
688,68
686,66
688,65
687,69
690,68
690,70
690,68
691,69
692,66
690,69
694,65
694,67
696,68
694,70
694,66
696,68
696,68
698,68
699,67
696,68
693,68
693,70
691,65
694,66
696,69
694,66
690,68
694,67
694,65
690,68
695,67
693,64
692,70
694,70
694,68
692,66
693,69
694,69
692,68
692,67
694,68
694,65
696,67
695,68
694,64
698,68
698,68
698,68
696,66
694,68
699,69
701,69
698,66
699,69
699,68
700,68
698,67
699,66
698,66
706,68
703,64
701,67
703,67
699,68
703,70
699,66
699,66
696,68
700,66
696,68
694,66
698,66
699,68
701,68
699,64
699,69
699,66
701,68
699,68
698,69
699,65
698,68
698,65
699,68
698,65
696,66
699,68
696,64
705,65
703,66
701,68
700,70
697,68
698,69
698,67
698,62
696,69
696,66
696,66
703,66
705,66
707,67
705,68
705,64
707,68
709,66
707,64
705,66
703,68
709,66
710,66
710,69
707,66
705,66
706,66
707,64
709,66
709,69
708,68
707,65
705,66
705,66
704,68
707,68
709,65
703,66
705,64
709,66
705,68
705,66
707,65
707,66
704,65
703,66
706,67
704,65
703,68
705,66
704,68
705,64
707,67
707,68
707,64
709,69
711,68
707,65
709,66
712,70
714,66
712,67
714,68
712,64
712,65
716,66
714,66
714,68
713,67
714,66
712,68
715,66
711,67
710,68
714,64
715,67
714,66
712,65
716,65
710,68
711,66
712,65
713,68
712,66
713,66
710,64
714,68
712,67
712,66
712,65
716,65
717,66
716,68
714,65
717,64
715,68
716,65
718,68
714,68
717,67
714,68
715,66
715,68
718,67
716,67
714,68
720,66
720,67
720,64
718,64
721,66
724,64
720,66
719,66
718,65
720,69
722,65
724,68
721,66
722,64
723,65
719,66
721,64
722,68
718,66
720,66
718,66
716,66
720,66
719,67
718,66
721,66
720,68
716,64
720,65
718,64
717,65
720,66
722,68
720,64
721,68
723,64
722,65
720,64
721,65
721,65
721,64
722,64
723,64
724,68
728,64
724,64
725,66
729,66
727,66
730,65
730,68
729,62
727,66
728,66
723,66
725,66
727,66
727,64
725,65
725,63
731,64
729,64
729,66
727,65
727,64
726,65
729,65
729,64
724,65
725,68
727,67
723,68
727,65
725,68
725,66
729,65
731,65
731,66
729,64
727,62
727,66
725,66
722,65
723,64
725,67
725,64
728,68
729,68
731,66
732,66
732,64
731,68
736,66
734,64
731,64
738,64
736,66
733,67
734,66
735,65
732,62
733,64
731,64
731,64
732,65
734,68
736,64
732,64
732,68
733,64
734,68
733,64
732,64
731,64
732,64
732,64
732,65
729,66
734,66
732,64
734,64
738,64
736,65
735,66
729,62
731,64
731,64
729,66
732,66
737,66
733,64
738,64
739,64
742,65
738,66
740,64
740,68
739,65
739,64
741,68
743,64
743,64
742,62
738,65
740,66
742,61
742,66
740,64
742,64
740,64
738,65
740,66
741,64
742,68
741,65
736,64
738,66
741,68
738,65
740,68
742,65
736,66
740,66
738,68
738,61
738,66
742,67
745,65
745,66
742,65
736,65
736,62
737,65
732,69
736,64
740,64
742,64
746,66
747,62
744,64
747,66
745,65
751,65
745,64
749,63
749,67
753,61
749,66
747,65
747,64
748,61
746,64
745,65
745,66
746,62
748,66
746,64
745,64
747,64
745,68
743,65
743,64
745,66
747,65
747,64
746,66
745,65
746,64
746,64
746,64
748,64
748,64
744,62
747,66
747,65
744,66
745,67
748,65
746,64
745,64
747,66
745,65
744,65
748,65
748,68
750,63
751,64
749,65
753,65
754,63
754,64
753,64
754,64
758,66
756,65
754,65
754,62
757,63
754,64
756,64
754,66
754,66
753,66
751,62
751,62
754,68
755,61
753,62
753,66
752,61
755,64
754,65
753,65
753,66
751,66
754,62
751,64
750,61
751,64
750,66
751,65
751,65
747,64
750,65
753,64
752,68
753,65
756,65
754,64
749,65
752,65
751,64
754,64
755,62
756,64
758,66
756,63
760,60
762,65
764,64
762,64
764,64
764,62
765,65
763,62
763,64
765,65
764,66
765,64
759,65
762,65
763,68
764,64
763,64
765,61
762,64
762,64
767,64
758,64
759,66
764,62
760,66
760,61
759,64
758,66
760,66
760,64
758,64
760,66
759,64
758,62
758,64
756,64
758,64
756,60
760,67
758,62
759,64
763,64
765,64
766,64
765,65
765,66
766,65
767,66
767,64
771,67
770,63
771,65
771,64
771,66
769,65
770,62
772,64
769,64
769,66
771,65
769,64
773,64
773,64
774,64
771,60
771,66
772,64
770,62
769,66
770,64
770,64
771,64
769,64
768,62
765,66
768,65
766,62
763,64
762,64
765,62
766,63
769,64
766,62
771,64
768,62
768,64
767,66
769,62
773,64
773,64
774,60
775,66
777,63
775,64
774,64
776,64
776,64
777,60
777,64
776,65
778,61
777,62
775,62
775,62
776,63
780,64
774,65
776,64
778,64
775,65
778,64
776,65
775,62
778,64
775,65
776,64
776,64
776,65
775,64
775,62
774,64
773,65
772,66
774,64
778,64
775,64
773,67
773,64
775,68
776,63
773,64
776,64
776,64
780,64
782,63
780,64
779,61
782,61
784,61
783,62
784,62
785,66
786,65
783,64
785,63
784,64
786,62
782,64
784,65
780,66
782,63
782,62
784,60
784,65
784,61
786,64
786,65
784,63
783,64
786,64
784,64
782,62
785,64
786,62
781,64
780,64
778,62
780,62
776,66
778,64
782,64
784,61
786,64
786,63
784,62
782,64
785,64
786,64
787,60
785,64
792,62
789,64
791,65
793,65
790,62
790,65
793,66
789,64
793,64
792,65
794,62
793,60
798,64
795,64
792,61
793,62
795,65
792,62
795,58
793,65
791,63
789,60
791,64
790,64
792,65
792,62
789,62
788,64
790,61
790,61
787,61
793,60
791,64
793,64
788,61
793,61
792,60
791,64
793,64
792,65
789,61
791,64
792,60
795,60
796,61
797,64
797,65
791,63
798,64
798,62
799,64
802,62
800,65
796,61
796,62
797,62
802,64
801,64
800,60
802,64
801,64
802,62
801,58
799,64
798,63
798,60
798,64
798,64
798,65
798,60
798,63
800,62
800,62
797,64
797,60
799,63
798,64
798,64
799,60
798,62
795,61
799,62
795,64
798,61
800,60
799,62
798,65
797,61
802,65
802,65
803,64
804,64
806,64
808,62
804,62
807,62
809,62
806,61
807,61
809,60
808,61
809,62
810,64
810,61
805,61
808,60
807,64
806,61
807,63
809,62
809,62
806,66
809,62
808,65
808,63
809,64
807,62
808,62
808,64
806,66
805,64
805,64
803,62
800,65
808,60
809,61
809,67
806,62
808,64
808,62
807,61
807,64
808,60
810,64
813,62
811,61
814,64
817,64
816,60
817,64
818,59
815,63
817,64
819,64
819,64
819,61
820,60
818,64
820,61
821,60
820,62
819,62
818,60
820,62
819,64
819,62
818,64
821,63
817,61
822,61
819,61
817,64
819,63
819,60
819,60
820,62
817,62
815,61
819,62
817,62
812,61
811,60
817,63
824,64
819,63
819,61
819,63
818,60
818,62
819,62
820,61
823,64
824,61
824,64
826,64
826,62
833,63
828,60
825,61
825,60
824,62
826,62
828,64
828,64
829,61
831,64
831,64
831,64
830,64
830,60
826,60
824,64
830,60
831,65
835,62
831,60
830,60
833,62
830,62
828,64
830,60
828,60
830,62
831,65
829,60
828,63
831,60
829,60
828,60
829,60
826,62
828,62
831,64
831,62
830,62
835,60
833,64
830,62
833,64
830,62
831,60
833,61
835,63
836,64
837,62
839,60
837,60
835,58
838,62
837,61
837,62
839,64
837,64
836,60
835,63
837,63
836,66
839,62
835,63
839,60
838,60
837,64
839,61
837,60
837,64
836,64
835,60
837,59
837,60
833,60
835,61
837,60
835,60
836,61
837,64
836,64
835,62
835,61
831,63
837,62
835,62
837,62
839,62
837,65
835,61
835,62
839,60
841,64
842,64
842,62
842,64
841,62
844,64
846,60
843,59
846,62
848,62
846,59
846,60
846,64
847,64
848,59
851,60
848,61
847,60
847,64
845,60
846,64
846,61
846,61
846,62
850,60
846,62
848,60
851,62
847,60
847,62
847,61
842,60
844,62
843,60
844,62
842,61
843,60
843,62
841,60
842,60
846,64
844,62
845,60
846,61
850,60
850,60
847,59
851,60
851,60
852,59
853,62
853,65
852,61
854,62
855,60
853,60
853,60
855,60
855,60
857,61
854,62
859,61
853,60
857,61
858,60
853,63
857,61
855,60
857,62
853,61
852,61
853,59
857,60
853,60
854,59
853,62
853,60
854,60
853,60
852,63
850,60
853,60
853,61
855,61
852,59
851,61
854,60
850,60
853,62
856,61
853,62
853,62
856,60
859,60
858,62
857,64
858,61
861,64
863,60
858,62
858,61
861,59
864,64
862,60
861,60
859,61
864,64
865,59
863,60
861,59
863,60
863,60
861,60
861,60
861,62
862,59
861,63
861,60
865,60
861,59
861,61
861,62
859,62
861,60
857,61
859,62
859,64
861,60
861,60
863,61
859,60
858,60
862,60
863,60
863,60
864,59
864,62
866,60
868,64
865,62
865,60
864,60
866,62
868,60
865,60
870,60
869,60
870,61
869,60
870,60
870,61
870,60
866,60
868,61
865,64
866,60
865,60
868,60
865,64
864,62
868,61
864,64
868,60
866,60
865,62
865,60
863,59
864,60
868,60
866,61
868,62
866,60
868,60
868,60
865,59
866,62
863,59
866,60
864,60
865,60
868,64
870,60
869,62
872,61
870,60
872,60
870,63
872,60
874,60
869,62
875,61
874,64
874,60
875,59
878,59
875,60
874,60
877,60
875,61
875,60
873,60
872,64
873,64
873,59
875,61
872,60
876,60
875,60
874,60
874,60
874,64
874,60
874,60
872,61
874,61
874,60
872,61
873,60
872,61
874,61
872,62
874,64
872,62
873,62
874,60
872,62
870,60
872,61
874,60
874,60
876,60
874,60
875,63
875,60
877,60
878,60
876,60
878,60
878,59
875,61
881,59
875,60
882,62
879,62
883,62
883,60
883,62
884,62
883,61
881,60
882,59
879,60
881,61
881,61
881,60
880,58
879,60
879,60
881,60
879,62
883,61
881,60
879,59
883,61
883,59
879,62
881,60
880,60
883,60
881,60
882,60
881,62
879,59
878,58
883,61
883,60
876,58
879,62
877,61
881,60
881,64
879,60
874,61
883,61
879,62
879,62
882,61
883,60
883,60
885,60
883,60
883,57
885,60
885,64
884,61
885,60
886,60
886,61
885,61
888,61
886,60
890,61
888,62
887,59
887,60
890,60
890,61
892,60
892,60
890,60
888,60
888,60
890,62
894,59
891,60
892,60
890,61
890,60
891,62
888,61
886,57
890,58
886,60
887,60
886,62
888,63
887,61
885,60
886,60
887,59
890,61
885,60
886,60
886,59
889,59
887,60
886,62
887,60
887,60
886,59
887,60
886,60
887,64
887,60
889,61
890,63
887,60
885,58
886,59
886,62
886,59
884,60
886,62
890,60
890,60
892,64
895,59
894,60
891,57
892,59
895,57
897,60
895,60
895,61
897,63
896,62
897,59
896,60
897,60
896,60
899,60
898,61
895,60
898,61
897,60
896,57
897,59
895,59
896,60
894,60
896,59
894,64
897,59
897,59
896,59
892,60
895,60
897,57
894,59
894,60
896,60
899,60
894,59
897,60
896,59
896,60
896,63
900,61
896,61
901,60
897,60
897,60
898,59
900,60
897,57
896,61
899,60
897,60
897,60
897,60
898,60
897,59
901,59
901,60
901,60
900,59
903,60
904,62
903,60
903,58
903,59
905,60
906,61
908,61
912,60
908,60
908,59
908,59
907,60
907,58
904,59
906,60
907,59
905,60
908,62
907,59
912,60
910,64
911,60
910,61
908,60
907,57
907,59
907,59
908,59
907,59
905,58
908,59
908,60
908,60
907,58
904,60
908,59
907,62
909,60
909,59
907,59
907,58
907,60
910,59
908,60
910,61
909,59
912,62
908,59
912,59
912,60
913,58
909,60
907,61
907,60
909,60
910,60
908,60
908,60
912,59
907,60
911,60
912,60
913,57
914,60
912,60
915,60
916,58
914,58
917,60
916,60
920,56
918,60
919,59
918,60
920,60
923,61
920,61
919,62
921,60
921,59
920,59
919,61
918,60
918,59
921,60
923,60
926,59
923,60
918,60
917,63
918,62
920,60
919,64
921,58
919,60
919,60
923,58
917,57
919,60
919,60
916,59
919,57
918,59
923,58
917,61
918,58
919,58
918,60
919,60
918,59
919,60
918,59
918,57
919,58
923,60
921,60
923,60
923,57
924,60
925,60
929,60
924,59
927,59
926,60
929,60
930,60
929,60
928,58
932,57
930,57
930,59
929,60
930,59
930,60
929,59
929,61
929,59
932,60
930,60
931,60
929,59
931,60
932,60
930,59
930,60
928,60
928,59
930,57
926,64
927,59
927,59
929,60
925,60
927,62
928,58
929,60
927,59
929,59
925,60
928,58
929,60
929,60
927,59
928,59
930,57
930,59
928,59
925,59
927,57
930,60
927,60
927,59
930,57
935,59
934,57
935,60
936,60
935,60
936,61
938,59
936,59
940,59
940,60
944,60
938,60
938,59
938,62
940,62
938,60
936,54
937,59
941,60
940,60
936,62
941,57
941,58
939,60
940,59
940,60
941,60
938,59
937,60
940,60
940,60
939,57
938,56
938,60
940,60
940,60
938,60
938,60
938,62
938,61
941,60
937,60
938,60
939,59
936,58
940,59
937,60
938,60
939,60
941,59
940,60
944,57
945,59
943,60
947,60
945,62
943,58
945,60
944,60
943,58
947,60
946,59
949,60
948,58
947,60
947,60
947,60
949,59
946,60
944,60
949,59
947,59
948,60
949,58
952,59
951,56
954,58
949,62
947,59
952,57
950,60
949,60
950,60
949,60
949,60
947,59
949,58
949,60
946,59
943,58
945,62
945,57
945,58
947,57
947,60
947,60
947,60
947,59
944,59
948,59
951,60
950,60
951,60
952,60
952,57
958,60
960,60
956,60
956,61
960,58
960,58
958,60
963,60
963,59
960,60
960,59
958,59
959,59
958,57
958,58
960,59
961,60
961,60
961,60
963,57
965,60
963,58
960,60
958,57
961,60
956,60
962,59
960,60
956,59
962,60
958,60
958,57
960,60
960,59
956,62
962,59
956,58
956,61
959,58
956,60
956,60
960,60
958,59
958,59
959,58
958,58
958,59
961,59
960,61
963,58
963,57
963,58
967,57
967,59
963,57
963,57
967,60
969,59
968,59
971,60
972,60
969,59
971,60
967,58
971,60
969,58
972,60
970,60
968,58
969,59
972,55
973,58
973,58
971,60
972,59
971,59
972,60
972,57
971,59
969,60
969,60
967,57
963,59
971,59
968,59
967,59
967,59
966,59
969,58
967,60
967,56
965,56
969,59
967,60
966,60
968,60
967,60
963,57
965,57
963,58
964,59
967,57
964,60
965,60
967,57
965,59
965,59
971,57
973,58
973,60
975,58
973,59
977,58
975,57
978,58
979,58
982,60
983,57
979,58
982,58
980,57
982,59
975,59
977,59
983,59
980,58
978,59
980,59
981,60
978,59
982,58
982,57
982,57
983,59
978,59
984,57
983,61
981,58
978,58
984,59
979,58
978,59
982,58
982,57
980,59
980,58
978,59
977,60
978,57
979,57
976,57
974,57
977,58
974,57
974,57
976,60
973,60
978,57
980,59
984,58
985,58
984,58
987,57
986,59
986,57
987,60
988,60
991,59
989,58
989,60
988,60
990,57
989,57
987,60
987,59
994,59
991,59
989,59
989,59
988,58
989,59
991,58
989,57
987,57
989,57
989,57
985,57
988,57
986,60
989,58
990,58
987,60
987,59
987,58
987,58
984,55
988,59
986,58
986,59
988,57
986,58
987,57
986,59
984,57
984,59
986,55
984,60
987,60
985,59
988,60
990,58
989,58
991,57
993,59
993,59
993,55
994,59
996,59
1001,59
999,58
999,59
996,60
1000,57
997,60
1000,57
998,57
1000,57
998,58
996,59
998,60
997,60
998,60
997,59
1000,59
998,60
998,58
997,57
1001,58
998,59
998,57
996,59
996,60
998,59
997,58
995,57
996,60
998,59
996,60
993,58
995,58
996,54
994,58
993,60
995,60
995,59
996,59
994,59
992,59
992,59
993,59
996,57
991,61
991,54
998,59
997,55
1001,53
1000,57
1004,57
1004,57
1004,59
1006,57
1007,57
1007,59
1007,57
1009,57
1007,58
1009,59
1007,57
1009,57
1007,57
1007,59
1006,57
1007,60
1003,59
1004,59
1008,57
1009,58
1006,58
1007,57
1009,57
1006,59
1004,59
1007,59
1004,58
1006,57
1007,59
1006,59
1007,59
1006,53
1005,58
1006,54
1005,57
1005,55
1001,58
1006,58
1003,59
1007,57
1009,57
1004,58
1006,59
1003,56
1006,59
1004,57
1003,57
1006,60
1004,58
1006,59
1006,58
1006,58
1009,55
1011,54
1009,60
1008,57
1009,57
1011,59
1011,59
1015,55
1013,57
1015,58
1015,59
1015,59
1012,58
1013,57
1008,58
1013,57
1009,58
1011,60
1008,59
1009,58
1007,56
1009,57
1009,56
1009,60
1007,57
1007,54
1008,57
1008,58
1007,60
1008,57
1004,57
1005,57
1008,59
1006,58
1009,59
1007,57
1009,57
1008,57
1007,59
1007,57
1004,54
1007,59
1006,57
1009,57
1011,57
1012,57
1013,57
1015,59
1012,56
1015,59
1017,55
1015,59
1016,58
1013,57
1017,57
1018,53
1015,57
1020,54
1017,57
1022,59
1017,57
1016,60
1017,57
1021,55
1025,60
1018,59
1017,57
1012,56
1012,59
1013,60
1012,57
1011,57
1011,57
1013,55
1011,58
1007,58
1012,55
1012,56
1011,57
1011,57
1012,56
1012,58
1012,59
1009,58
1006,55
1008,54
1007,59
1009,58
1008,60
1011,59
1007,57
1006,57
1011,56
1006,58
1008,57
1006,57
1007,58
1007,60
1009,59
1011,54
1015,59
1015,57
1016,55
1015,57
1017,59
1018,57
1018,57
1017,57
1018,57
1019,56
1019,59
1020,59
1022,57
1022,55
1022,58
1022,54
1022,58
1020,57
1017,59
1017,58
1018,57
1018,57
1015,59
1020,57
1015,58
1018,56
1017,56
1017,60
1020,57
1016,57
1015,57
1017,57
1018,58
1015,59
1018,57
1015,56
1007,57
1018,57
1016,57
1017,60
1018,59
1018,57
1013,57
1015,57
1011,58
1013,57
1017,57
1018,55
1020,56
1023,55
1022,56
1024,57
1022,59
1020,59
1019,56
1021,57
1020,55
1022,55
1026,58
1028,55
1027,57
1025,57
1024,57
1029,59
1026,57
1025,59
1026,59
1026,57
1024,58
1030,57
1029,57
1026,57
1024,58
1020,58
1022,57
1019,56
1017,57
1017,56
1019,55
1017,58
1023,58
1019,57
1020,59
1018,59
1020,54
1018,57
1020,58
1019,58
1018,53
1018,59
1018,57
1018,53
1020,57
1020,58
1017,57
1013,57
1011,57
1015,59
1015,57
1015,57
1018,58
1018,57
1022,55
1026,57
1026,59
1026,55
1025,55
1028,57
1028,56
1026,58
1026,54
1024,57
1027,57
1028,55
1028,57
1028,57
1029,57
1028,57
1029,57
1027,61
1029,55
1029,58
1028,57
1027,55
1023,57
1022,57
1020,57
1021,56
1023,57
1023,56
1022,59
1026,58
1024,57
1026,57
1027,55
1026,57
1024,57
1023,58
1026,57
1026,57
1026,59
1024,55
1026,59
1024,55
1026,57
1025,55
1022,58
1022,58
1024,57
1020,55
1022,57
1022,58
1024,57
1024,55
1023,57
1024,59
1024,59
1023,53
1022,58
1024,52
1023,57
1024,58
1026,59
1025,58
1024,57
1022,58
1023,57
1024,57
1022,55
1022,58
1020,56
1018,59
1022,57
1024,55
1024,57
1026,55
1024,57
1023,57
1018,57
1020,59
1021,54
1018,58
1023,54
1022,57
1022,57
1017,54
1022,57
1018,57
1019,59
1017,59
1018,57
1017,59
1017,55
1017,55
1017,57
1016,57
1015,54
1014,55
1013,57
1016,57
1015,57
1015,57
1011,57
1008,56
1007,59
1007,56
1002,57
1001,58
1001,57
1000,58
993,57
993,54
989,55
988,57
987,59
986,57
985,57
989,58
986,55
986,54
983,59
985,55
986,55
987,56
990,57
991,58
989,57
990,57
986,55
991,58
989,55
990,57
989,60
990,57
993,58
991,58
993,57
988,57
987,57
989,54
989,58
989,57
987,59
990,60
990,55
993,55
991,54
991,55
994,57
990,57
989,59
983,57
985,57
982,58
984,58
980,57
980,57
978,59
974,57
973,56
974,57
969,57
971,57
971,55
970,57
967,60
966,57
967,57
968,57
964,55
963,59
965,57
965,54
966,55
971,59
970,58
969,57
969,54
969,57
973,57
971,58
971,58
971,56
971,53
969,58
970,60
965,56
965,57
965,57
968,58
967,59
967,57
967,58
965,55
967,55
963,58
962,57
960,55
959,56
956,56
956,57
955,56
956,60
953,59
954,59
949,58
951,55
949,57
947,57
947,57
945,57
945,59
945,59
949,59
948,57
946,57
947,57
947,60
950,59
951,55
950,57
950,60
949,57
951,57
955,58
951,58
950,57
951,55
951,57
949,60
945,57
945,58
945,55
943,54
945,57
945,55
949,59
949,59
949,57
952,58
951,59
949,59
951,55
944,55
945,56
945,55
940,59
939,55
940,58
941,57
934,57
935,59
932,57
934,57
931,59
932,56
932,58
931,59
932,58
927,57
928,58
928,59
929,57
931,59
932,57
934,57
931,57
932,58
932,57
931,59
934,57
935,58
936,58
932,57
930,56
933,56
935,58
932,57
931,56
929,60
930,60
932,59
935,56
930,59
934,57
933,57
930,57
929,57
925,57
925,57
924,58
923,60
921,58
920,55
918,59
914,59
917,59
916,59
914,59
908,57
912,57
910,59
912,57
910,57
908,59
908,58
908,59
911,57
912,57
914,59
912,58
916,57
917,59
914,57
916,59
912,60
918,59
914,55
913,57
916,57
916,59
914,59
914,57
912,60
916,57
914,57
913,55
912,59
917,57
918,57
918,60
910,59
912,57
912,57
905,57
905,57
907,57
907,55
905,57
902,58
901,59
903,59
901,57
898,57
897,55
898,58
895,58
895,57
897,57
894,57
894,58
895,61
896,61
894,59
896,57
895,57
897,57
897,59
897,60
897,59
898,58
897,57
896,57
896,59
899,57
897,60
897,57
897,55
897,56
898,59
897,57
896,59
893,59
897,58
893,57
896,59
896,57
898,57
896,57
898,59
892,57
893,54
888,60
890,59
886,58
890,58
890,59
885,60
886,59
885,59
887,58
885,59
884,59
885,60
885,58
881,59
879,60
881,59
880,59
881,59
883,57
881,58
881,58
880,59
880,57
882,57
883,57
885,60
885,59
885,58
883,57
881,59
883,57
884,59
885,56
885,60
884,57
885,58
879,60
881,60
880,57
881,59
880,59
883,55
877,57
880,60
881,60
879,58
879,57
874,58
875,61
874,57
872,59
872,60
870,60
872,58
872,55
867,59
868,59
870,59
864,59
864,58
865,58
864,59
864,59
864,59
864,58
864,58
864,59
865,57
864,57
863,58
864,61
868,60
865,59
868,58
871,59
866,60
868,57
864,59
870,58
868,59
866,57
865,58
866,59
864,57
863,59
865,57
866,55
867,60
864,61
868,59
865,59
866,60
865,59
866,59
868,59
868,59
864,59
868,59
863,57
864,60
860,57
863,59
858,58
858,57
857,59
859,59
856,59
857,57
855,60
854,58
853,59
854,60
848,60
850,60
853,59
851,62
852,59
851,58
851,58
852,60
855,58
851,57
852,59
853,61
852,60
853,58
853,59
852,62
853,60
852,58
853,60
854,59
853,55
850,61
850,57
852,62
851,59
850,59
851,63
850,58
853,59
853,57
853,60
854,60
855,59
853,60
854,59
851,58
852,57
846,58
848,58
846,60
844,57
842,60
842,59
844,57
842,59
838,57
839,59
839,59
836,59
837,58
840,62
836,60
833,56
835,60
832,59
835,61
833,62
836,60
836,60
835,59
835,62
836,60
837,59
839,60
839,60
841,59
839,60
839,56
841,60
837,59
837,60
837,60
835,59
837,60
837,60
837,60
837,60
839,59
835,60
841,60
841,59
838,58
836,61
835,59
833,59
831,60
831,57
831,60
831,60
831,59
831,58
829,60
828,59
825,59
822,60
824,60
824,61
825,60
824,60
820,60
820,64
819,60
822,59
824,60
822,61
820,60
821,60
824,61
822,60
827,58
823,57
823,61
826,60
824,57
826,59
828,59
825,59
826,59
824,60
823,57
824,60
823,57
824,59
819,60
824,60
826,59
822,60
822,59
820,57
816,60
817,59
818,58
814,59
819,60
817,57
813,57
813,59
816,61
814,60
814,61
811,59
809,61
809,59
809,60
808,60
808,60
810,59
808,60
811,59
811,58
809,58
814,60
813,60
813,59
813,60
817,59
816,60
815,60
815,59
813,62
815,59
813,57
809,59
809,60
813,60
812,59
813,60
809,62
811,59
813,57
809,61
808,60
812,60
811,59
806,59
808,59
806,60
802,60
804,59
802,59
799,59
802,60
803,60
802,64
800,60
800,59
802,59
800,59
802,60
799,60
802,61
802,57
801,60
802,61
803,59
802,61
802,60
804,60
801,60
805,59
801,60
804,60
802,60
805,60
802,57
803,60
804,62
804,62
800,62
803,59
802,57
803,61
802,60
802,59
801,62
797,59
798,57
793,61
792,60
792,57
791,60
793,60
791,60
789,62
791,62
791,62
790,57
788,59
789,61
792,62
788,60
789,60
787,61
787,63
789,60
792,60
789,60
789,60
794,60
791,60
794,59
790,59
793,60
795,60
793,60
796,62
793,64
787,60
789,59
787,60
787,61
789,61
791,61
787,59
786,60
789,59
784,60
785,60
786,60
781,60
780,60
781,60
782,60
780,60
780,59
778,59
778,60
780,62
776,59
778,60
780,61
778,60
778,60
780,60
778,62
778,60
780,60
781,62
782,62
782,60
782,61
784,61
783,59
784,63
782,61
784,60
785,60
784,59
782,61
780,61
782,57
780,60
781,64
782,63
782,61
780,60
780,60
776,60
776,60
776,59
780,60
776,61
775,64
771,59
773,62
769,60
771,60
771,59
766,61
771,62
773,62
769,60
765,64
767,60
765,59
765,61
766,60
765,62
766,59
769,60
773,60
769,60
769,61
769,60
770,59
771,63
773,59
767,60
769,61
765,62
765,60
765,60
766,64
767,60
767,60
767,62
766,59
764,61
764,62
762,60
763,61
762,59
757,60
758,60
758,61
756,63
759,60
754,58
753,64
755,62
752,62
751,62
750,60
749,62
751,61
752,62
754,60
756,62
754,61
755,59
754,64
754,60
760,61
759,60
756,59
754,60
756,60
754,61
755,60
758,61
754,61
755,61
758,59
754,59
758,60
752,60
753,62
756,62
753,60
754,62
755,62
754,60
754,60
753,62
753,63
749,65
749,62
747,64
749,62
745,63
745,62
747,60
743,62
742,60
743,62
740,60
743,62
740,61
741,61
740,60
738,64
743,62
740,66
740,64
740,62
742,60
740,60
741,60
743,60
742,59
742,61
742,61
740,60
743,60
743,62
742,60
743,64
743,63
743,62
744,64
742,61
737,60
739,62
738,64
740,62
741,62
741,62
742,62
742,62
740,64
738,61
736,62
736,61
737,64
734,62
737,59
736,62
732,65
733,64
731,60
732,60
728,61
733,61
732,62
731,64
734,60
732,62
731,65
731,64
731,64
734,64
734,61
732,61
734,61
734,59
734,61
736,60
734,62
736,64
738,59
734,60
736,60
735,62
740,60
734,64
729,60
736,60
734,64
736,66
737,60
734,64
733,60
734,61
731,64
729,62
729,65
729,60
726,60
725,58
729,66
725,64
723,66
724,62
725,61
723,61
725,62
722,64
721,62
721,61
720,60
720,62
721,62
720,64
720,64
722,64
720,60
720,64
721,61
723,62
721,64
723,64
725,64
725,61
725,62
725,60
720,61
723,60
723,62
725,61
725,66
725,64
721,60
723,64
725,61
723,62
717,61
726,64
722,60
722,60
723,66
727,64
727,60
725,62
721,62
718,60
717,62
718,62
718,64
716,65
718,62
715,64
716,60
715,62
718,61
715,62
714,62
714,60
712,59
714,60
712,62
711,63
714,61
710,60
711,64
713,64
711,63
712,60
712,64
712,62
716,60
716,64
715,62
717,64
713,66
717,62
714,62
716,62
717,64
714,63
716,62
716,64
711,64
712,62
710,60
712,62
714,62
714,60
719,64
719,62
718,62
715,61
710,62
709,64
709,67
710,64
705,60
706,61
705,61
705,64
707,64
705,62
703,61
705,61
705,62
705,61
704,64
703,65
700,64
699,62
696,65
698,66
699,64
698,64
696,64
698,64
699,64
699,65
699,64
700,64
698,64
701,62
704,63
707,63
703,66
703,65
705,64
699,65
703,64
705,63
703,64
704,62
703,60
703,61
703,62
705,62
704,66
703,64
706,62
704,64
703,60
707,62
704,63
704,63
707,61
703,61
705,61
703,64
701,64
697,66
697,60
697,66
696,64
697,66
696,62
697,60
698,64
694,64
696,60
694,64
695,62
696,64
692,61
691,64
689,64
692,64
690,62
689,62
689,64
690,66
691,62
689,64
687,61
688,64
692,62
690,64
693,64
696,67
692,63
693,64
694,64
694,64
696,65
692,62
696,61
693,62
695,64
692,64
693,64
693,64
693,62
693,65
693,61
692,64
692,66
696,62
693,64
690,64
693,65
689,64
685,66
688,62
688,62
685,62
685,64
688,64
688,64
687,66
688,63
686,64
683,64
683,64
685,67
679,68
681,62
680,61
682,62
681,65
683,62
681,65
683,68
681,67
679,62
680,61
683,62
684,64
682,64
682,66
681,64
683,66
683,62
686,64
684,64
681,64
682,64
683,62
684,64
683,67
682,66
683,64
685,64
684,63
684,64
685,66
687,64
683,64
685,65
686,64
683,63
679,65
677,64
679,64
677,62
677,63
676,60
676,62
676,64
679,65
676,64
676,65
674,64
672,61
674,65
674,62
675,62
672,63
674,64
672,64
674,65
675,64
675,65
677,65
677,63
679,62
674,68
678,65
674,64
676,64
678,64
678,64
677,64
678,62
674,66
678,68
679,61
679,64
677,64
677,67
676,66
677,62
679,62
679,63
678,63
678,65
679,66
677,64
678,64
678,64
677,65
682,65
679,66
678,68
678,65
677,64
670,63
674,64
670,64
671,66
670,65
670,65
670,64
667,66
670,64
670,64
665,66
667,64
666,64
665,65
663,64
665,64
666,64
668,65
663,64
666,66
666,64
663,67
671,64
668,67
667,62
668,64
670,66
671,66
670,66
668,64
672,66
668,64
667,64
665,61
666,64
667,61
666,66
668,66
666,62
674,64
670,64
674,66
668,61
667,64
669,65
667,66
665,64
663,66
661,64
665,67
665,62
663,64
659,63
663,64
659,67
661,68
661,60
660,62
659,62
659,66
659,64
657,66
660,64
655,66
659,64
655,64
657,66
655,64
655,66
657,62
659,64
659,60
659,64
664,62
661,66
657,62
664,64
660,64
661,64
664,64
663,66
659,62
660,64
665,64
659,62
660,66
665,66
658,66
660,63
661,64
655,62
659,65
665,64
660,66
661,65
659,68
659,68
659,64
664,68
663,65
657,60
654,64
656,64
656,64
657,64
656,68
657,62
653,65
654,65
653,66
654,64
655,65
654,61
652,64
652,66
650,67
654,64
653,66
655,64
654,65
652,63
650,65
650,65
654,65
654,65
654,62
655,65
654,64
655,66
655,64
655,63
654,65
655,62
653,67
655,64
652,68
653,64
651,65
652,64
652,63
654,67
655,64
652,62
650,65
651,66
649,65
650,66
648,62
650,61
645,62
647,67
649,65
646,68
646,67
647,65
646,66
644,65
644,64
644,66
644,62
645,66
648,66
644,66
644,66
643,64
644,64
643,64
645,64
648,66
648,64
648,62
651,66
648,62
644,66
649,66
651,64
648,64
654,66
649,64
650,64
648,64
646,66
648,64
648,66
648,64
654,64
646,66
646,64
648,66
643,63
641,68
643,62
641,64
641,64
641,66
641,68
641,62
641,64
635,68
639,66
639,68
637,62
635,66
636,64
637,65
635,65
635,64
636,68
635,65
637,67
637,64
636,64
641,66
641,64
641,64
641,67
639,66
641,64
641,66
638,60
643,64
636,64
637,66
638,65
635,65
637,64
637,64
636,64
633,66
635,64
637,66
639,65
643,66
637,66
638,67
635,64
637,64
633,69
635,65
632,64
630,66
633,64
630,68
631,67
630,66
630,66
630,66
630,66
630,68
632,65
628,68
628,64
626,66
627,65
627,67
628,64
628,61
627,66
628,65
629,67
633,64
630,65
631,66
633,68
633,62
632,64
632,67
629,64
628,68
631,69
630,65
629,68
631,66
628,66
628,66
627,68
628,65
628,62
630,66
632,64
630,63
630,65
626,66
624,66
622,64
624,66
626,66
624,66
624,65
625,65
624,66
624,66
621,64
621,66
622,66
621,70
621,65
619,68
620,68
619,67
621,68
623,66
619,66
623,64
621,64
621,66
622,64
620,68
620,70
621,67
619,68
622,68
626,68
621,66
624,68
623,68
624,66
625,62
622,64
622,67
624,66
625,68
621,69
617,68
622,66
622,68
622,66
626,64
626,64
622,64
621,67
616,65
617,68
618,68
620,69
619,64
616,63
619,67
616,65
618,68
614,64
614,67
616,69
613,65
614,66
611,66
610,67
611,66
613,64
610,68
611,65
611,66
619,66
619,66
620,66
621,68
620,68
618,70
622,65
617,69
619,67
621,68
620,68
622,68
623,68
621,66
623,69
620,64
622,68
619,65
619,64
621,68
619,68
623,67
623,65
624,68
621,69
621,66
618,67
615,68
611,68
608,71
611,66
610,68
610,69
607,66
606,68
609,68
608,69
608,68
602,64
604,67
608,69
604,66
602,69
606,68
606,70
602,68
606,68
602,68
602,65
605,65
606,65
610,68
609,69
608,64
612,68
609,64
608,67
609,69
609,66
610,67
611,67
607,66
608,68
610,70
604,65
606,65
604,68
608,64
608,70
606,65
605,68
604,68
602,66
603,67
604,69
600,66
600,68
597,68
598,68
599,67
602,66
599,68
599,66
597,68
595,65
602,68
600,68
599,68
599,66
599,68
595,69
598,67
600,67
597,70
594,69
597,68
597,68
596,68
602,68
606,68
604,68
606,68
602,68
604,67
605,65
600,66
606,68
602,68
601,68
600,68
602,67
600,69
600,70
601,65
601,66
601,66
602,69
603,65
602,68
608,68
606,66
604,66
604,66
599,68
599,66
593,68
591,68
595,68
593,68
590,66
591,66
593,68
594,66
595,67
597,67
594,68
597,68
589,66
594,69
593,68
588,69
589,70
588,69
589,68
588,69
588,66
594,66
589,65
590,70
595,68
594,69
595,66
591,68
593,68
594,68
592,68
595,67
594,68
594,69
591,68
595,66
594,68
592,68
592,68
592,68
596,66
589,66
590,68
595,68
594,70
593,69
594,66
595,67
593,68
597,70
594,65
599,68
594,66
590,70
589,68
588,66
588,71
588,71
588,69
587,68
586,67
587,68
586,68
584,66
585,68
585,66
588,66
587,71
583,68
586,66
583,70
582,70
584,69
583,68
584,68
587,68
582,68
586,66
588,65
588,70
587,66
589,68
586,68
586,67
585,68
588,69
590,69
586,68
586,69
586,68
586,68
589,69
587,69
587,70
588,67
586,68
585,68
585,64
587,67
588,70
588,67
590,68
589,67
588,68
588,68
589,70
584,66
582,68
578,68
580,70
582,68
578,65
580,68
579,68
582,71
582,65
580,70
580,69
578,69
580,71
580,69
578,66
578,70
580,69
580,68
577,67
583,69
578,69
582,68
583,66
582,65
586,68
581,70
582,66
582,66
583,70
580,68
579,66
580,68
580,69
578,66
577,67
578,66
578,68
578,69
577,67
582,68
580,67
577,70
577,66
577,67
575,69
580,65
576,68
575,68
575,68
577,68
574,68
573,68
571,68
573,68
573,69
575,70
574,69
573,68
575,68
571,70
573,68
571,69
573,70
577,71
573,69
575,70
572,69
577,68
575,71
575,66
575,71
571,68
576,71
569,68
572,68
571,70
574,68
569,70
569,68
570,68
570,70
573,66
571,65
573,70
571,68
569,69
568,69
568,69
571,70
569,69
568,71
570,70
569,69
570,68
569,70
568,71
570,69
569,68
567,68
569,71
567,69
567,68
570,71
567,68
565,71
567,68
566,66
570,65
571,67
570,66
570,68
568,68
571,69
570,71
571,64
569,69
572,68
571,69
573,68
569,67
567,68
566,68
566,65
567,68
569,64
572,69
569,69
567,71
565,68
566,65
566,68
563,71
565,69
567,68
564,68
566,71
564,69
562,68
564,70
562,71
564,71
562,70
562,68
561,69
562,70
562,69
562,71
561,69
559,70
563,69
561,69
557,71
562,68
564,70
561,68
565,70
564,69
563,71
564,68
560,70
560,68
564,68
560,70
559,70
556,69
562,68
558,68
558,68
562,69
561,68
564,69
566,70
562,71
563,68
560,70
558,68
560,70
560,71
560,71
556,70
556,71
555,70
557,70
554,71
557,71
558,68
554,68
555,68
555,71
555,71
555,71
554,69
555,68
555,70
556,70
555,68
554,68
554,68
552,70
555,70
554,72
554,71
556,70
560,70
557,70
562,68
558,68
562,69
556,71
558,71
560,69
558,68
556,66
550,68
552,68
557,70
556,71
554,68
554,68
553,68
551,71
553,69
554,69
549,71
550,71
547,69
550,71
551,66
550,71
551,71
548,68
547,68
549,72
545,71
550,71
549,69
545,70
546,71
549,70
544,69
546,71
547,68
552,69
550,71
550,69
551,71
553,70
553,73
553,72
551,68
553,70
547,70
551,69
551,69
544,68
548,69
549,66
547,69
545,68
545,71
545,70
546,70
549,70
545,70
544,68
545,71
546,71
544,69
545,70
544,73
542,69
543,69
542,70
543,70
540,71
540,71
541,70
544,72
540,70
542,68
542,70
541,70
539,71
542,70
543,71
544,70
546,71
542,70
545,68
543,71
544,71
542,68
540,69
545,70
540,69
540,70
542,70
542,70
540,70
538,71
539,70
540,71
539,72
539,68
540,68
538,71
537,71
539,71
536,71
539,68
538,71
537,71
536,71
536,70
536,69
535,71
533,71
530,70
533,70
535,71
532,69
535,71
536,70
534,72
535,71
538,71
538,71
536,71
537,71
536,69
539,71
538,71
541,68
538,71
538,71
540,71
538,71
535,70
535,69
532,70
534,71
534,70
532,71
534,70
538,68
533,71
534,70
533,70
531,71
531,71
531,71
531,71
532,70
531,69
531,70
531,69
531,71
528,71
525,71
528,71
528,71
529,71
531,70
529,71
529,69
531,71
531,70
534,71
531,72
534,68
535,71
536,70
537,70
533,70
532,71
533,71
527,72
531,71
528,71
527,71
529,71
533,73
538,72
538,71
540,69
538,69
535,72
535,71
533,70
528,68
525,69
526,73
525,71
526,71
525,72
523,70
523,70
526,75
523,71
524,72
523,71
523,73
524,72
522,70
523,71
520,71
522,71
520,71
523,73
523,71
525,71
523,70
527,71
530,71
527,71
526,73
524,71
526,69
523,70
529,71
526,71
523,69
523,73
524,71
522,71
520,71
525,68
527,73
531,71
530,71
523,73
522,71
520,71
520,71
520,70
518,71
521,71
520,71
517,71
517,70
517,71
518,71
517,70
517,71
515,72
518,72
516,72
516,71
514,71
516,71
517,71
518,70
516,74
516,74
518,72
520,71
520,73
521,75
517,71
518,71
518,71
516,72
520,71
520,75
520,72
520,73
517,69
521,72
519,70
517,74
516,71
516,72
516,73
514,71
515,71
516,71
516,76
514,71
515,68
512,73
512,72
512,73
511,71
511,75
509,71
510,71
510,71
509,71
507,70
511,70
512,72
509,74
507,72
509,75
508,71
509,71
511,72
506,75
509,71
508,73
512,73
513,73
514,70
516,72
514,74
513,74
511,73
514,70
513,74
511,74
514,70
514,72
514,72
512,73
511,70
512,70
513,74
511,75
512,73
514,71
517,71
516,71
512,71
511,74
511,73
511,71
510,73
509,70
509,74
509,74
506,70
501,75
506,71
507,73
503,74
505,73
508,71
505,70
505,71
505,71
506,71
505,72
505,71
503,73
503,73
501,71
505,72
505,73
504,71
502,71
503,73
505,71
503,71
505,75
503,72
507,73
501,73
504,70
501,73
501,73
507,71
505,71
505,72
500,74
505,72
503,71
500,74
506,73
498,71
503,75
505,71
501,71
505,73
501,71
501,71
500,72
500,72
500,71
500,71
501,73
501,73
498,72
498,73
500,75
501,73
499,73
500,73
498,72
495,73
497,75
499,72
499,71
495,71
497,74
501,73
499,73
501,75
496,76
500,73
502,72
500,72
503,73
498,71
501,71
501,71
501,73
502,72
497,75
498,72
499,75
502,73
498,71
498,71
501,73
497,72
495,73
500,74
496,73
494,73
497,75
497,73
496,73
492,72
496,72
494,72
494,73
494,75
494,71
494,72
492,75
492,73
494,74
494,72
492,72
491,73
494,73
492,75
491,71
494,75
497,77
496,71
496,74
498,71
498,77
498,74
498,75
498,73
494,72
494,73
496,75
493,73
496,71
492,71
498,71
496,74
500,75
496,75
498,73
498,75
498,72
494,72
494,75
490,72
490,73
493,73
494,71
492,76
492,73
489,71
489,72
494,72
490,72
491,73
491,73
488,75
486,72
490,72
488,74
490,73
490,71
491,76
490,75
490,73
488,73
493,73
490,75
489,73
489,73
494,71
490,72
487,74
494,73
491,73
488,72
489,75
492,74
490,75
494,73
495,72
496,73
499,70
492,74
495,72
489,73
489,72
487,73
489,73
487,70
487,75
489,75
486,71
486,76
485,77
487,74
485,76
485,73
484,73
485,73
482,76
485,75
483,73
483,75
483,75
481,73
483,75
485,72
486,74
485,77
485,73
484,74
487,73
484,73
489,75
486,76
487,74
487,75
487,72
487,76
487,75
488,74
488,75
483,72
481,75
480,75
482,75
488,74
488,75
483,75
483,71
480,71
479,73
479,73
481,73
484,73
480,75
481,73
480,75
480,73
479,73
478,73
479,71
479,76
478,73
480,73
478,73
479,77
479,74
479,75
479,72
479,75
479,74
481,73
480,74
483,74
484,75
483,76
487,74
484,75
483,71
487,75
484,72
483,74
485,76
487,71
488,73
486,73
478,73
478,71
479,76
483,75
483,72
480,74
485,72
485,75
483,72
479,75
478,71
477,73
479,75
477,73
478,75
477,74
478,74
476,75
476,71
474,73
474,78
476,71
474,73
476,73
476,77
475,76
473,75
472,74
474,73
475,75
475,75
472,77
476,75
479,75
474,71
477,75
477,74
478,72
479,75
478,75
479,74
475,77
477,74
472,76
472,76
478,72
473,76
474,73
472,72
474,77
472,75
471,73
472,73
467,73
470,76
468,76
472,75
470,77
468,75
468,75
468,73
470,79
470,76
468,75
468,73
468,76
467,74
468,76
467,75
467,74
467,75
465,76
467,73
465,75
466,77
466,74
464,75
465,74
462,74
464,77
465,74
467,75
469,73
468,75
468,72
467,79
468,74
469,72
470,75
472,73
474,71
475,79
470,75
474,76
476,75
469,74
476,75
474,77
476,75
472,77
476,76
473,75
474,75
476,75
473,75
470,76
474,75
472,75
472,76
472,75
472,75
468,77
467,74
467,75
463,75
465,74
463,75
462,73
461,72
461,75
463,79
461,73
461,75
459,77
459,73
459,75
459,76
459,75
460,76
457,79
459,79
459,78
457,76
459,76
461,73
465,76
467,77
460,77
457,77
461,77
460,73
462,77
464,75
461,78
463,76
462,75
461,77
462,75
464,74
457,75
457,75
457,72
470,76
461,75
458,76
461,72
461,76
458,75
458,75
460,76
457,73
456,77
457,79
458,76
456,77
455,76
454,75
457,73
455,74
458,76
457,77
456,79
457,75
456,77
459,76
459,75
459,77
458,76
459,75
459,74
454,76
461,76
458,75
458,75
457,76
457,76
455,77
457,76
459,73
457,73
460,75
463,72
460,77
463,75
465,74
463,75
461,77
461,75
458,71
459,77
455,76
456,79
454,76
457,75
453,75
452,78
454,73
456,75
455,75
455,79
454,76
456,75
454,75
453,76
450,75
449,77
448,77
450,77
452,75
454,79
452,76
453,77
451,79
452,77
450,73
456,77
456,71
454,75
456,80
455,79
456,73
456,79
456,76
453,75
456,75
454,79
450,75
450,77
458,76
450,77
451,73
453,79
454,76
451,77
452,76
452,79
450,77
453,81
454,76
450,76
450,77
450,77
446,75
450,79
447,75
451,73
446,77
446,75
447,76
450,77
446,75
448,79
450,75
447,75
448,73
448,77
447,75
448,75
447,75
450,75
448,79
447,75
450,76
448,73
449,75
454,77
450,74
448,75
451,75
446,76
451,76
450,75
447,73
448,75
444,75
446,73
446,75
451,79
451,75
450,79
454,73
450,76
445,75
444,79
448,77
446,76
446,77
446,76
445,77
445,75
446,77
445,76
445,75
448,77
446,77
446,75
444,77
446,74
445,79
443,75
443,75
443,77
441,75
442,77
443,77
443,77
443,79
445,80
446,75
445,77
445,75
446,78
448,80
447,76
444,79
446,75
450,75
448,79
446,76
448,75
448,77
448,77
446,79
448,79
448,76
447,77
451,79
446,79
446,72
446,79
448,77
446,79
446,78
448,77
445,73
446,75
445,74
445,79
443,77
443,79
445,76
443,75
443,74
441,74
440,73
442,76
441,75
445,75
443,79
440,74
439,77
439,73
443,76
443,76
441,77
439,76
439,75
439,77
440,77
440,74
439,74
439,75
441,80
439,78
438,75
439,77
442,79
439,79
439,77
442,76
437,72
441,76
443,75
441,79
442,77
441,81
443,77
443,77
443,77
446,79
444,77
444,79
443,75
443,76
445,75
443,79
446,77
443,76
442,77
437,82
443,77
443,75
446,76
446,76
441,75
444,77
440,79
439,75
437,79
439,75
436,77
437,77
437,79
437,73
435,79
435,76
439,79
436,78
436,76
434,77
437,77
435,77
433,76
432,76
436,79
431,76
434,76
430,75
433,76
435,79
434,76
435,79
434,79
436,76
434,79
437,79
437,77
436,77
439,77
438,75
439,76
436,79
440,76
439,73
441,77
439,79
441,75
440,77
436,79
437,80
439,77
440,78
443,77
441,76
440,76
441,78
436,77
437,77
439,76
437,79
434,80
431,75
433,75
432,78
431,76
434,75
429,76
432,79
429,77
429,76
429,79
426,79
428,75
431,78
428,79
425,77
424,76
424,76
424,75
424,77
428,79
430,79
431,79
432,75
429,77
432,76
434,79
433,76
435,77
436,77
436,79
434,78
432,76
432,79
435,79
434,76
439,79
432,79
432,79
435,77
436,77
434,78
431,79
431,76
432,77
434,75
432,81
434,76
434,80
430,79
434,79
430,77
429,77
424,77
424,81
424,75
425,78
424,75
422,79
423,79
422,79
424,78
425,79
422,76
422,79
421,79
423,77
423,78
420,82
421,77
422,79
422,77
424,77
426,79
425,75
425,80
424,80
429,77
428,79
427,76
428,80
428,79
430,75
428,79
428,79
430,75
428,77
432,77
428,82
426,77
429,75
431,79
428,77
427,77
427,79
425,79
425,78
430,77
424,79
422,79
425,81
421,76
422,79
424,79
421,76
418,77
421,79
421,75
418,78
419,80
419,82
419,79
419,77
415,77
419,79
413,79
415,80
418,77
414,79
417,78
413,79
415,78
415,77
419,75
419,75
423,79
419,79
417,79
417,81
419,79
419,79
424,79
425,77
424,79
425,77
426,81
424,79
424,75
424,76
426,80
425,79
423,75
421,79
421,78
419,79
418,79
416,79
417,77
416,77
417,81
416,79
413,73
417,82
413,77
413,81
413,79
412,74
412,77
409,79
409,80
408,79
408,81
412,79
410,80
408,75
406,76
409,80
408,80
406,79
406,78
407,78
406,81
404,78
403,76
404,78
410,79
411,80
412,79
415,79
417,77
417,80
419,80
419,79
421,76
417,81
419,79
418,81
419,80
420,79
419,76
417,80
423,79
419,77
417,77
413,80
415,79
412,78
412,76
413,79
409,82
413,77
410,76
406,79
406,81
404,79
404,77
406,81
401,80
401,79
402,80
402,77
402,76
400,81
401,77
400,79
404,80
401,77
404,80
401,82
399,77
399,79
402,78
399,79
404,80
404,79
410,81
408,79
410,77
409,80
411,77
415,80
413,79
412,79
413,77
413,79
411,79
413,80
413,82
412,79
417,81
413,75
413,76
415,78
413,81
413,78
407,80
406,77
409,80
407,77
402,79
403,80
404,80
399,76
395,77
398,77
399,79
395,79
396,82
397,76
393,77
393,79
391,79
391,79
392,82
390,79
391,80
391,79
389,82
391,82
393,79
392,80
391,77
393,80
397,82
399,82
402,81
402,79
404,80
405,79
404,79
406,79
406,79
404,79
402,78
401,81
400,80
402,82
402,79
401,80
402,82
401,82
402,81
401,79
400,79
394,82
395,79
397,78
391,81
391,77
391,77
389,81
390,79
388,79
388,79
390,79
387,79
385,81
385,79
385,76
388,79
382,77
384,82
380,82
381,82
379,82
379,79
377,79
379,79
379,81
379,81
380,79
382,79
387,79
388,79
391,79
390,80
389,82
393,84
392,79
393,79
391,79
394,79
393,77
393,79
391,79
395,81
391,79
393,80
393,81
390,82
391,79
389,82
390,82
384,81
384,81
382,79
380,79
379,82
377,82
378,80
378,79
380,79
377,81
370,81
377,79
373,77
371,79
369,82
371,81
373,84
368,82
368,79
370,79
371,81
369,80
369,78
367,81
369,82
372,82
371,79
370,80
372,80
378,82
378,82
380,80
382,77
384,79
385,77
384,79
384,79
380,79
382,81
382,84
384,81
382,79
386,80
384,82
384,82
381,81
384,80
384,83
379,80
376,79
375,79
377,79
376,81
374,83
370,82
368,79
370,84
365,80
367,82
364,82
364,80
363,80
363,81
362,80
362,80
361,81
358,82
357,81
359,79
360,82
357,80
357,82
356,82
361,80
358,80
360,81
361,81
366,80
364,84
370,81
371,79
369,79
369,80
374,81
371,82
371,82
371,79
371,82
373,82
369,82
374,80
371,80
373,79
373,83
368,81
373,81
369,82
368,79
366,81
367,81
368,78
366,82
364,82
362,81
357,80
357,82
357,79
357,80
353,81
352,81
353,78
351,82
349,82
349,82
349,81
347,82
347,81
347,82
346,81
347,83
345,79
345,81
345,80
347,80
346,82
348,80
351,82
350,82
355,82
353,80
356,80
354,81
356,82
358,80
359,82
362,82
359,81
360,79
358,82
359,82
362,82
357,82
360,82
358,81
360,81
355,82
362,81
360,81
361,82
357,80
351,84
351,82
353,81
349,81
346,83
346,82
346,82
346,82
345,80
344,82
344,82
340,82
340,82
340,79
338,82
335,84
336,82
338,82
334,82
333,79
335,82
334,82
333,80
334,81
335,82
340,79
338,79
340,82
344,81
345,81
345,82
346,82
345,79
346,81
345,82
347,81
346,82
347,83
344,81
344,82
345,82
346,82
346,82
347,82
346,79
345,80
340,79
335,83
338,82
333,80
331,80
331,81
332,84
329,82
331,83
327,82
326,81
331,82
325,80
321,80
318,81
320,82
322,82
320,86
320,81
320,82
319,84
318,79
316,83
318,82
322,81
321,84
323,81
327,83
325,82
326,83
329,84
333,80
333,84
333,82
333,83
335,82
333,84
333,82
331,82
335,84
333,82
334,83
333,82
333,82
333,82
329,83
325,83
326,82
323,82
322,84
322,80
324,83
318,83
318,84
316,81
317,82
318,82
315,80
315,82
313,82
311,82
310,84
307,82
311,81
307,82
308,82
305,84
306,82
305,82
305,82
303,83
306,82
305,81
308,83
311,82
313,83
311,82
313,82
315,81
315,83
319,80
322,83
318,81
318,82
320,82
318,83
322,82
318,82
320,84
319,82
319,81
318,81
315,82
319,86
316,82
317,82
313,82
313,82
313,83
314,82
308,82
307,82
305,81
306,82
305,82
304,84
302,82
301,84
300,82
299,82
298,79
298,81
293,86
294,82
292,82
291,83
292,84
292,84
291,83
293,82
290,82
291,83
292,82
294,84
297,82
296,81
299,82
300,81
305,84
304,84
306,81
306,82
305,83
309,82
309,82
303,81
306,81
307,81
305,85
305,86
303,82
304,81
306,81
305,82
305,82
304,84
303,83
302,84
298,81
298,81
298,82
300,84
296,84
287,84
291,82
292,80
289,82
287,84
286,82
283,85
283,82
284,81
279,81
280,83
280,82
276,84
276,84
276,84
275,83
278,84
278,86
278,82
278,82
278,86
281,82
282,83
286,86
287,82
289,82
288,86
290,82
289,81
289,82
289,84
291,82
291,82
289,82
291,82
292,84
289,84
289,82
289,82
291,83
287,84
291,86
289,84
281,83
282,82
283,84
281,86
283,82
282,82
274,85
274,82
274,84
271,83
270,82
270,84
268,84
269,82
267,82
265,85
261,86
263,86
261,84
258,84
263,86
257,84
259,84
258,82
263,82
260,84
263,83
261,85
264,84
267,86
269,84
274,84
271,82
273,82
271,82
271,82
271,83
270,86
270,82
270,86
273,83
270,83
272,86
267,84
268,86
271,82
270,82
265,84
263,85
259,83
258,82
259,86
256,82
256,84
253,84
253,83
252,86
248,84
247,86
247,86
247,81
243,83
243,86
247,86
245,84
240,86
241,84
243,86
243,84
246,86
245,86
247,82
248,82
250,84
252,84
255,84
254,85
254,86
256,86
255,84
250,84
256,86
252,84
255,88
254,84
256,84
254,86
256,84
254,86
254,84
249,84
250,85
248,85
249,83
250,82
246,86
246,85
243,84
242,86
240,84
239,86
237,86
235,82
234,84
232,86
231,84
230,88
230,83
230,84
228,82
225,84
225,87
225,82
229,87
228,86
230,87
230,84
236,86
234,82
236,82
235,82
239,86
236,83
241,82
242,82
241,84
241,84
242,86
239,84
242,86
245,86
242,84
242,87
243,86
243,83
244,86
243,84
243,88
239,86
237,83
234,83
235,84
238,84
232,86
231,86
230,86
226,82
226,84
225,87
221,83
221,84
223,82
223,85
224,83
223,86
225,84
224,86
223,86
220,88
224,84
224,86
224,83
225,84
223,84
221,86
223,83
223,87
224,84
223,84
223,85
223,84
221,88
223,86
221,86
223,84
223,86
225,86
224,86
223,83
221,86
219,86
225,86
219,84
223,84
224,84
225,86
221,86
220,84
223,85
225,87
224,83
223,84
221,86
223,84
225,82
225,84
225,87
223,84
221,87
223,86
223,83
223,84
220,86
225,86
221,84
223,88
225,86
223,86
219,84
223,84
223,86
224,86
223,84
220,86
224,84
221,86
223,84
221,84
221,84
222,87
225,83
225,87
225,86
224,88
220,83
223,84
225,86
223,86
225,86
224,85
220,83
225,86
224,83
223,85
221,87
223,86
224,86
224,84
223,85
223,86
223,87
223,86
225,86
225,86
224,86
224,84
223,86
223,84
223,84
226,85
225,86
225,85
221,86
225,87
223,86
223,89
225,83
221,86
224,86
225,83
223,87
222,82
223,86
224,88
224,84
223,83
221,84
224,82
224,82
226,84
223,82
226,86
225,82
226,84
223,86
224,86
226,84
221,86
223,82
223,85
223,86
225,84
225,87
223,86
225,82
225,86
224,86
224,87
223,85
226,86
223,84
225,84
223,84
223,88
223,86
221,84
225,84
225,86
220,82
223,87
224,85
226,84
223,83
221,86
223,86
223,83
225,88
225,84
224,86
223,86
224,85
225,84
223,86
223,86
221,86
223,86
223,84
226,86
223,83
225,86
224,83
223,86
223,86
223,85
225,87
223,88
221,86
219,83
223,83
224,86
221,86
225,86
225,84
224,84
223,83
225,84
225,82
222,86
223,86
223,86
223,84
221,84
223,83
225,83
225,82
226,83
220,83
225,84
225,87
221,84
221,83
224,86
224,85
223,84
224,86
225,86
221,86
223,86
223,85
224,86
223,84
225,83
225,84
220,84
224,86
219,84
225,86
221,84
224,82
224,86
223,83
223,84
223,84
222,86
225,84
224,86
223,84
223,81
224,83
223,84
221,86
225,86
226,84
223,82
224,85
223,85
222,86
225,86
224,84
223,84
225,86
224,83
220,86
225,84
223,82
223,84
225,82
223,86
225,86
223,84
223,83
223,86
223,83
223,85
223,82
225,88
225,86
225,82
224,86
222,86
225,84
225,85
223,87
223,83
222,83
223,84
224,86
225,86
225,84
223,88
225,88
224,86
225,85
220,86
225,87
225,86
221,84
223,86
223,82
223,84
223,84
221,86
225,83
223,86
224,82
223,84
224,86
223,87
223,84
226,86
224,86
225,86
225,84
225,87
224,84
224,86
223,86
223,83
222,86
223,82
221,86
225,86
223,82
227,84
223,87
221,84
223,86
224,86
224,87
223,86
223,87
224,86
222,83
223,87
225,88
221,84
224,86
225,82
225,86
224,86
223,86
221,87
226,83
224,86
224,86
226,86
222,84
225,82
224,84
219,82
223,86
221,84
225,88
225,85
223,84
224,86
224,84
222,86
223,83
224,86
225,88
225,86
226,86
223,86
225,86
223,88
224,84
223,86
225,84
224,87
223,86
224,84
227,82
225,82
223,84
225,84
225,87
226,82
226,83
225,86
226,84
223,86
224,84
226,86
223,87
223,83
223,83
224,88
224,84
223,84
223,84
223,86
224,83
223,86
223,85
225,83
224,86
224,86
224,86
225,87
223,86
223,84
223,83
225,82
225,82
224,86
223,86
224,84
224,84
224,84
225,86
223,84
225,84
225,84
225,82
225,86
225,87
224,82
223,86
225,86
225,86
225,84
224,82
223,86
224,82
225,84
223,86
223,86
225,84
225,85
223,88
225,86
225,82
225,88
226,84
225,85
224,86
228,86
225,88
221,84
225,86
224,83
221,83
225,84
224,86
221,84
221,86
224,83
224,82
221,83
223,83
223,84
225,84
223,84
225,86
226,83
226,88
222,86
224,88
223,86
225,86
224,86
224,87
226,88
223,86
225,82
225,84
225,83
224,85
225,86
224,86
224,87
225,86
225,84
226,86
225,86
223,83
224,83
226,87
226,82
223,86
225,84
227,82
223,86
223,87
224,86
225,87
225,87
221,82
225,84
225,86
223,86
224,86
224,84
223,84
226,84
225,85
223,83
225,85
223,82
224,84
224,86
225,82
225,86
225,86
221,87
225,83
223,83
224,84
223,87
223,82
225,84
224,82
224,85
226,84
224,82
224,88
225,83
223,85
226,87
223,86
225,82
225,90
223,86
225,85
225,86
223,87
225,82
223,82
225,86
223,86
225,83
226,87
225,87
226,83
227,86
225,87
223,84
227,87
225,86
224,83
223,84
225,84
224,86
225,87
225,82
223,84
223,90
223,85
225,83
225,86
223,87
222,83
221,86
225,86
225,84
223,86
223,84
225,86
223,88
225,86
225,84
225,85
225,84
224,88
225,86
225,86
224,84
225,84
225,87
225,86
225,86
224,84
225,87
225,84
224,86
223,84
225,86
224,86
223,85
221,83
223,86
223,88
223,86
224,86
224,86
223,84
232,84
232,86
237,86
241,82
245,86
243,82
245,82
248,85
248,83
247,85
247,84
248,85
247,84
246,86
247,85
248,86
248,86
246,86
250,84
250,84
247,83
248,86
250,84
248,82
248,86
249,86
250,84
247,86
245,86
249,86
248,90
243,83
243,84
243,86
239,84
239,84
237,84
238,83
238,86
239,84
240,84
240,84
245,83
241,84
247,85
249,82
252,85
252,82
253,86
254,84
254,86
254,84
259,83
256,86
258,86
257,83
261,85
261,84
263,84
262,85
267,83
265,85
267,84
266,84
267,84
268,86
268,84
269,84
270,83
269,84
268,82
267,84
270,83
270,86
268,84
270,86
269,84
268,84
267,86
265,83
263,83
261,84
259,83
258,86
256,81
254,83
257,86
256,82
258,83
257,81
259,84
263,82
263,83
265,84
263,84
267,84
264,87
270,84
272,85
272,83
272,84
269,84
271,86
272,87
274,82
274,84
274,83
276,84
274,83
276,82
276,86
275,83
274,85
278,83
278,86
278,86
280,82
280,84
281,86
283,84
280,83
283,83
285,83
283,83
283,84
283,82
285,82
285,83
286,83
282,84
282,83
283,83
280,82
285,82
280,82
279,86
273,82
269,85
267,84
269,86
276,84
273,86
275,84
278,82
282,84
281,85
282,85
285,86
282,83
289,84
287,82
289,82
290,82
287,86
290,84
291,83
295,83
293,84
293,84
297,82
293,84
297,82
298,82
298,83
300,80
301,83
302,83
300,81
299,83
303,85
302,85
298,82
300,86
302,86
303,82
300,85
298,82
296,82
300,85
298,82
299,84
296,82
294,84
289,81
284,82
287,82
289,82
289,84
296,82
291,84
298,84
300,83
301,84
302,83
303,82
303,82
305,83
303,83
305,82
307,82
310,84
311,82
309,84
308,82
311,86
311,84
314,82
314,84
314,83
315,85
318,81
314,82
313,82
315,81
318,84
316,84
316,83
318,82
318,83
312,83
316,82
314,82
313,83
315,84
313,83
314,82
316,83
314,87
314,83
309,82
309,84
303,83
302,81
302,82
301,82
298,84
302,84
307,82
308,82
310,84
309,84
311,81
311,80
313,82
314,83
315,81
316,82
316,82
319,83
321,83
321,82
322,82
323,82
325,82
325,83
325,82
327,82
327,81
327,84
332,82
333,82
333,82
333,82
333,84
333,82
334,84
331,82
333,84
333,84
334,85
335,84
335,81
329,84
330,84
330,82
327,81
324,82
327,82
323,82
322,84
316,79
316,81
320,82
320,84
325,83
324,80
327,82
333,81
335,82
331,83
331,82
336,83
335,81
336,86
338,82
340,80
340,82
340,83
340,82
344,82
344,83
346,83
346,82
346,82
347,84
348,82
349,79
351,81
351,81
353,84
351,82
349,80
351,83
351,84
352,81
347,82
353,83
352,81
352,82
348,80
350,81
349,82
348,81
348,82
347,83
346,81
343,83
336,84
336,82
339,82
342,82
340,82
344,82
345,80
347,81
349,83
353,82
354,80
353,83
355,81
353,82
355,82
357,82
357,82
356,82
356,80
357,80
358,82
360,82
361,82
362,83
362,82
363,81
363,82
364,82
366,82
367,82
362,81
368,82
359,80
364,82
366,81
362,82
362,79
362,82
360,82
358,82
360,81
355,82
349,81
349,80
349,82
349,82
351,81
357,83
355,81
354,81
359,83
364,80
364,82
360,81
365,82
366,82
366,79
368,82
369,82
366,81
369,82
371,80
368,82
371,82
370,79
373,81
373,82
377,80
377,82
374,81
373,81
375,81
373,82
377,79
373,81
377,80
373,81
375,81
375,82
374,81
371,79
371,82
372,81
369,82
366,82
363,83
362,80
357,83
360,82
359,82
364,81
366,82
369,81
372,80
377,82
372,82
375,82
378,82
377,79
382,80
381,81
382,82
385,81
384,83
384,79
384,82
384,82
384,82
389,80
388,79
388,82
388,79
390,81
390,82
387,82
389,82
391,81
388,83
389,81
391,80
391,81
390,80
390,84
388,79
391,78
389,82
388,81
386,80
382,84
379,79
377,81
377,81
375,80
374,80
377,81
379,81
379,81
379,82
384,79
388,82
389,82
390,81
391,82
389,82
391,85
389,81
393,81
398,83
395,82
397,81
393,82
393,82
393,80
396,82
396,80
397,82
397,80
401,80
397,80
399,79
400,80
401,79
397,79
399,80
399,80
395,82
395,81
395,82
393,82
397,84
391,80
393,81
391,79
386,79
386,82
384,81
384,80
383,82
386,79
388,82
387,81
388,81
393,81
393,82
395,82
399,82
401,82
397,79
399,81
400,83
399,79
400,81
399,81
403,82
402,79
403,83
403,82
406,84
404,79
405,82
410,82
408,81
406,79
411,80
405,79
411,79
410,82
410,79
410,80
410,82
406,82
406,79
404,79
406,81
403,81
399,80
400,79
399,79
397,81
394,81
391,79
393,81
395,79
397,78
404,81
403,79
410,82
409,80
410,79
409,79
407,77
410,82
413,80
412,81
413,80
413,79
413,79
417,75
416,79
419,80
417,80
421,79
421,79
421,81
421,82
423,82
419,81
420,80
420,80
423,79
422,79
419,79
421,82
419,80
419,81
419,80
415,80
415,82
411,79
408,82
406,80
406,80
403,79
410,81
412,81
413,77
419,79
421,79
420,82
418,82
421,79
421,81
423,82
426,80
423,80
428,80
428,80
426,79
430,81
431,77
428,79
431,81
430,79
431,79
431,81
432,82
432,79
434,79
434,79
433,80
434,80
435,82
432,80
434,77
432,77
430,79
432,79
431,80
429,80
426,81
424,80
423,81
419,80
415,82
417,79
420,80
417,79
421,79
427,81
428,79
432,81
433,78
434,79
431,81
433,77
434,78
437,79
434,79
437,79
439,77
439,79
439,79
443,79
442,75
445,79
444,79
446,80
445,79
446,81
445,80
447,77
447,79
446,81
447,79
445,81
447,81
443,81
445,79
446,79
446,80
443,81
441,82
441,78
437,79
435,79
430,80
429,79
430,79
432,79
433,81
434,79
437,79
442,80
442,79
446,79
446,80
446,79
444,80
446,79
451,80
446,77
445,76
446,75
450,79
448,76
452,78
448,76
450,77
452,79
450,78
456,79
454,79
454,77
456,76
456,79
456,76
454,80
457,76
452,79
457,79
456,79
456,79
454,78
455,77
